{
	"info": {
		"_postman_id": "165d8b02-8a8c-40f4-b347-2fc08a0ccf19",
		"name": "Nimap",
		"schema": "https://schema.getpostman.com/json/collection/v2.1.0/collection.json",
		"_exporter_id": "26711541"
	},
	"item": [
		{
			"name": "api/categories/{id}",
			"request": {
				"method": "GET",
				"header": [],
				"url": {
					"raw": "http://localhost:8080/api/categories/1",
					"protocol": "http",
					"host": [
						"localhost"
					],
					"port": "8080",
					"path": [
						"api",
						"categories",
						"1"
					]
				}
			},
			"response": []
		},
		{
			"name": "api/categories",
			"request": {
				"method": "GET",
				"header": [],
				"url": {
					"raw": "http://localhost:8080/api/categories",
					"protocol": "http",
					"host": [
						"localhost"
					],
					"port": "8080",
					"path": [
						"api",
						"categories"
					]
				}
			},
			"response": []
		},
		{
			"name": "api/categories",
			"request": {
				"method": "POST",
				"header": [],
				"body": {
					"mode": "raw",
					"raw": "\r\n{\r\n    \"categoryId\": 5,\r\n        \"categoryName\": \"cars\"\r\n}",
					"options": {
						"raw": {
							"language": "json"
						}
					}
				},
				"url": {
					"raw": "http://localhost:8080/api/categories",
					"protocol": "http",
					"host": [
						"localhost"
					],
					"port": "8080",
					"path": [
						"api",
						"categories"
					]
				}
			},
			"response": []
		},
		{
			"name": "api/categories/{id}",
			"request": {
				"method": "PUT",
				"header": [],
				"body": {
					"mode": "raw",
					"raw": "\r\n{\r\n   \r\n        \"categoryName\": \"electronics\",\r\n        \"products\": [\r\n  \r\n        ]\r\n    }",
					"options": {
						"raw": {
							"language": "json"
						}
					}
				},
				"url": {
					"raw": "http://localhost:8002/api/categories/1",
					"protocol": "http",
					"host": [
						"localhost"
					],
					"port": "8002",
					"path": [
						"api",
						"categories",
						"1"
					]
				}
			},
			"response": []
		},
		{
			"name": "api/categories/{id}",
			"request": {
				"method": "DELETE",
				"header": [],
				"url": {
					"raw": "http://localhost:8002/api/categories/1",
					"protocol": "http",
					"host": [
						"localhost"
					],
					"port": "8002",
					"path": [
						"api",
						"categories",
						"1"
					]
				}
			},
			"response": []
		},
		{
			"name": "api/products",
			"request": {
				"method": "GET",
				"header": [],
				"url": {
					"raw": "http://localhost:8002/api/products",
					"protocol": "http",
					"host": [
						"localhost"
					],
					"port": "8002",
					"path": [
						"api",
						"products"
					]
				}
			},
			"response": []
		},
		{
			"name": "api/products/4",
			"request": {
				"method": "GET",
				"header": [],
				"url": {
					"raw": "http://localhost:8002/api/products/4",
					"protocol": "http",
					"host": [
						"localhost"
					],
					"port": "8002",
					"path": [
						"api",
						"products",
						"4"
					]
				}
			},
			"response": []
		},
		{
			"name": "api/products",
			"request": {
				"method": "POST",
				"header": [],
				"body": {
					"mode": "raw",
					"raw": "{\r\n    \"productId\": 4,\r\n    \"productName\": \"pavbhaji\",\r\n    \"productPrice\": \"50\",\r\n    \"categoryId\":2\r\n}",
					"options": {
						"raw": {
							"language": "json"
						}
					}
				},
				"url": {
					"raw": "http://localhost:8002/api/products",
					"protocol": "http",
					"host": [
						"localhost"
					],
					"port": "8002",
					"path": [
						"api",
						"products"
					]
				}
			},
			"response": []
		},
		{
			"name": "api/products/{id}",
			"request": {
				"method": "PUT",
				"header": [],
				"body": {
					"mode": "raw",
					"raw": "{\r\n  \r\n    \"productName\": \"pavbhaji\",\r\n    \"productPrice\": \"110\"\r\n}",
					"options": {
						"raw": {
							"language": "json"
						}
					}
				},
				"url": {
					"raw": "http://localhost:8002/api/products/4",
					"protocol": "http",
					"host": [
						"localhost"
					],
					"port": "8002",
					"path": [
						"api",
						"products",
						"4"
					]
				}
			},
			"response": []
		},
		{
			"name": "api/products/{id}",
			"request": {
				"method": "DELETE",
				"header": [],
				"url": {
					"raw": "http://localhost:8080/api/products/3",
					"protocol": "http",
					"host": [
						"localhost"
					],
					"port": "8080",
					"path": [
						"api",
						"products",
						"3"
					]
				}
			},
			"response": []
		}
	]
}